{
    "mean_test_accuracy": 0.8624925141528537,
    "std_test_accuracy": 0.00353242371517714,
    "mean_test_balanced_accuracy": 0.7771046514973557,
    "std_test_balanced_accuracy": 0.00712639876352398,
    "mean_test_precision": 0.7677409119102319,
    "std_test_precision": 0.00830435007480266,
    "mean_test_recall": 0.6129707551557255,
    "std_test_recall": 0.014969756369539724,
    "mean_test_f1": 0.6811031300943959,
    "std_test_f1": 0.010391407341070578,
    "mean_test_roc_auc": 0.9149591116167315,
    "std_test_roc_auc": 0.004680636895429112,
    "mean_train_accuracy": 0.9164866927582636,
    "std_train_accuracy": 0.0015283680023331547,
    "mean_train_balanced_accuracy": 0.8579904732431327,
    "std_train_balanced_accuracy": 0.002896490456423954,
    "mean_train_precision": 0.8860428859740176,
    "std_train_precision": 0.00439000364773652,
    "mean_train_recall": 0.7455483605968027,
    "std_train_recall": 0.00599472414572916,
    "mean_train_f1": 0.8086476946133146,
    "std_train_f1": 0.0038921669993121424,
    "mean_train_roc_auc": 0.9714643150762821,
    "std_train_roc_auc": 0.0007362502149189537
}