{
    "mean_test_accuracy": 0.8234658998808505,
    "std_test_accuracy": 0.003784368245920948,
    "mean_test_balanced_accuracy": 0.7575381298212024,
    "std_test_balanced_accuracy": 0.006519037761809717,
    "mean_test_precision": 0.6632689686292229,
    "std_test_precision": 0.008219455479027577,
    "mean_test_recall": 0.6308118783941556,
    "std_test_recall": 0.012782841501366953,
    "mean_test_f1": 0.6284152180950424,
    "std_test_f1": 0.009463117919747244,
    "mean_test_roc_auc": 0.8899037261600657,
    "std_test_roc_auc": 0.005624433968585372,
    "mean_train_accuracy": 0.8239181021439292,
    "std_train_accuracy": 0.0007137534053289395,
    "mean_train_balanced_accuracy": 0.758175424991551,
    "std_train_balanced_accuracy": 0.0010589046486862486,
    "mean_train_precision": 0.6642876310726037,
    "std_train_precision": 0.0015048268084942766,
    "mean_train_recall": 0.631804117214005,
    "std_train_recall": 0.0021655809699553745,
    "mean_train_f1": 0.6294608640782617,
    "std_train_f1": 0.0016068640174457243,
    "mean_train_roc_auc": 0.8906168979459416,
    "std_train_roc_auc": 0.000847148493321903
}