{
    "mean_test_accuracy": 0.8531047392632997,
    "std_test_accuracy": 0.005004477909378103,
    "mean_test_balanced_accuracy": 0.8138960687666335,
    "std_test_balanced_accuracy": 0.008925963185869674,
    "mean_test_precision": 0.6825378501441262,
    "std_test_precision": 0.009547344314113942,
    "mean_test_recall": 0.7385285557186527,
    "std_test_recall": 0.018093754620372018,
    "mean_test_f1": 0.7057704611565705,
    "std_test_f1": 0.011623533264370212,
    "mean_test_roc_auc": 0.9187415608657994,
    "std_test_roc_auc": 0.005771131165763514,
    "mean_train_accuracy": 0.8897923013690788,
    "std_train_accuracy": 0.0016766693883796047,
    "mean_train_balanced_accuracy": 0.8659578204136589,
    "std_train_balanced_accuracy": 0.002317071877644381,
    "mean_train_precision": 0.7507453467961909,
    "std_train_precision": 0.005119740043429171,
    "mean_train_recall": 0.8201429016116107,
    "std_train_recall": 0.0055998777514198175,
    "mean_train_f1": 0.780269214368533,
    "std_train_f1": 0.0031158211882800465,
    "mean_train_roc_auc": 0.9506811404412122,
    "std_train_roc_auc": 0.0007613756908104881
}