{
    "mean_test_accuracy": 0.8536053089703163,
    "std_test_accuracy": 0.0052195414127829826,
    "mean_test_balanced_accuracy": 0.8173201620281749,
    "std_test_balanced_accuracy": 0.008946568047939214,
    "mean_test_precision": 0.680354148659299,
    "std_test_precision": 0.009617007067388925,
    "mean_test_recall": 0.7475721898450255,
    "std_test_recall": 0.017590401174884657,
    "mean_test_f1": 0.7094018599485755,
    "std_test_f1": 0.011668951498662742,
    "mean_test_roc_auc": 0.9201910891661487,
    "std_test_roc_auc": 0.005782584846172538,
    "mean_train_accuracy": 0.888773162159744,
    "std_train_accuracy": 0.0016075649281276872,
    "mean_train_balanced_accuracy": 0.8671408009187581,
    "std_train_balanced_accuracy": 0.0020876009966031327,
    "mean_train_precision": 0.7457451040783935,
    "std_train_precision": 0.004564963626415004,
    "mean_train_recall": 0.8255588180625015,
    "std_train_recall": 0.004909274678859624,
    "mean_train_f1": 0.7806913343619414,
    "std_train_f1": 0.0028321636810998935,
    "mean_train_roc_auc": 0.9511762120368084,
    "std_train_roc_auc": 0.0007697042451049283
}