{
    "mean_test_accuracy": 0.8603282099390548,
    "std_test_accuracy": 0.004069708330945389,
    "mean_test_balanced_accuracy": 0.7702609637927857,
    "std_test_balanced_accuracy": 0.00858864047247017,
    "mean_test_precision": 0.7697937247792505,
    "std_test_precision": 0.008452635427149257,
    "mean_test_recall": 0.5971331768570057,
    "std_test_recall": 0.01811029719303307,
    "mean_test_f1": 0.6719312940360602,
    "std_test_f1": 0.01272904679431401,
    "mean_test_roc_auc": 0.9138426382291606,
    "std_test_roc_auc": 0.0049910019846350195,
    "mean_train_accuracy": 0.8996660346581982,
    "std_train_accuracy": 0.0012364086199557558,
    "mean_train_balanced_accuracy": 0.8286655667258206,
    "std_train_balanced_accuracy": 0.002591463154634441,
    "mean_train_precision": 0.8592923645551914,
    "std_train_precision": 0.003803467910866171,
    "mean_train_recall": 0.6921876351531596,
    "std_train_recall": 0.0055909545187412405,
    "mean_train_f1": 0.7655601623545845,
    "std_train_f1": 0.0034275489304884405,
    "mean_train_roc_auc": 0.957523417687408,
    "std_train_roc_auc": 0.0005830363359944866
}