{
    "mean_test_accuracy": 0.7995272011078303,
    "std_test_accuracy": 0.003984685473589032,
    "mean_test_balanced_accuracy": 0.7458942876148469,
    "std_test_balanced_accuracy": 0.006630134347271698,
    "mean_test_precision": 0.6158721672186557,
    "std_test_precision": 0.009344181518383178,
    "mean_test_recall": 0.6428008257396293,
    "std_test_recall": 0.013172787657419919,
    "mean_test_f1": 0.5902569457535388,
    "std_test_f1": 0.010061212180905391,
    "mean_test_roc_auc": 0.8703279085617353,
    "std_test_roc_auc": 0.006149963878709868,
    "mean_train_accuracy": 0.7999334577321471,
    "std_train_accuracy": 0.0010055844926779986,
    "mean_train_balanced_accuracy": 0.7464671032176303,
    "std_train_balanced_accuracy": 0.0012624105006246182,
    "mean_train_precision": 0.6165582417070008,
    "std_train_precision": 0.0018369534531431715,
    "mean_train_recall": 0.643693471991895,
    "std_train_recall": 0.002341222645014076,
    "mean_train_f1": 0.5911209064359672,
    "std_train_f1": 0.002076713901539754,
    "mean_train_roc_auc": 0.8708428026422262,
    "std_train_roc_auc": 0.001185152357839433
}